{
  "name": "repurposed_structures:village/jungle/houses",
  "fallback": "repurposed_structures:village/jungle/terminators",
  "elements": [
    {
      "weight": 1,
      "element": {
        "location": "morevillagers:village/jungle/jungle_engineer",
        "processors": "repurposed_structures:village/jungle/mossify",
        "projection": "rigid",
        "element_type": "minecraft:legacy_single_pool_element"
      }
    },
    {
      "weight": 4,
      "element": {
        "location": "morevillagers:village/jungle/jungle_florist",
        "processors": "repurposed_structures:village/jungle/mossify",
        "projection": "rigid",
        "element_type": "minecraft:legacy_single_pool_element"
      }
    },
    {
      "weight": 2,
      "element": {
        "location": "morevillagers:village/jungle/jungle_hunter",
        "processors": "repurposed_structures:village/jungle/mossify",
        "projection": "rigid",
        "element_type": "minecraft:legacy_single_pool_element"
      }
    },
    {
      "weight": 2,
      "element": {
        "location": "morevillagers:village/jungle/jungle_oceanographer",
        "processors": "repurposed_structures:village/jungle/mossify",
        "projection": "rigid",
        "element_type": "minecraft:legacy_single_pool_element"
      }
    },
    {
      "weight": 2,
      "element": {
        "location": "morevillagers:village/jungle/jungle_woodworker",
        "processors": "repurposed_structures:village/jungle/mossify",
        "projection": "rigid",
        "element_type": "minecraft:legacy_single_pool_element"
      }
    }
  ]
}
