{
  "type": "minecraft:chest",
  "pools": [
    {
      "rolls": 8,
      "entries": [
        {
          "name": "cavesandcliffs:copper_ingot",
          "type": "minecraft:item",
          "weight": 15,
          "functions": [
            {
              "function": "minecraft:set_count",
              "count": {
                "type": "minecraft:uniform",
                "min": 5.0,
                "max": 15.0
              },
              "add": false
            }
          ]
        },
        {
          "name": "cavesandcliffs:deepslate_copper_ore",
          "type": "minecraft:item",
          "weight": 10,
          "functions": [
            {
              "function": "minecraft:set_count",
              "count": {
                "type": "minecraft:uniform",
                "min": 10.0,
                "max": 20.0
              },
              "add": false
            }
          ]
        },
        {
          "name": "cavesandcliffs:raw_copper_block",
          "type": "minecraft:item",
          "weight": 8,
          "functions": [
            {
              "function": "minecraft:set_count",
              "count": {
                "type": "minecraft:uniform",
                "min": 4.0,
                "max": 9.0
              },
              "add": false
            }
          ]
        },
        {
          "name": "cavesandcliffs:weathered_copper",
          "type": "minecraft:item",
          "weight": 4,
          "functions": [
            {
              "function": "minecraft:set_count",
              "count": 4.0,
              "add": false
            }
          ]
        },
        {
          "name": "minecraft:diamond_sword",
          "type": "minecraft:item",
          "weight": 6,
          "functions": [
            {
              "function": "minecraft:set_damage",
              "damage": {
                "type": "minecraft:uniform",
                "min": 0.8,
                "max": 1.0
              },
              "add": false
            },
            {
              "function": "minecraft:enchant_randomly"
            }
          ]
        },
        {
          "name": "minecraft:diamond_chestplate",
          "type": "minecraft:item",
          "weight": 6,
          "functions": [
            {
              "function": "minecraft:set_damage",
              "damage": {
                "type": "minecraft:uniform",
                "min": 0.8,
                "max": 1.0
              },
              "add": false
            },
            {
              "function": "minecraft:enchant_randomly"
            }
          ]
        },
        {
          "name": "minecraft:diamond_helmet",
          "type": "minecraft:item",
          "weight": 6,
          "functions": [
            {
              "function": "minecraft:set_damage",
              "damage": {
                "type": "minecraft:uniform",
                "min": 0.8,
                "max": 1.0
              },
              "add": false
            },
            {
              "function": "minecraft:enchant_randomly"
            }
          ]
        },
        {
          "name": "minecraft:diamond_leggings",
          "type": "minecraft:item",
          "weight": 6,
          "functions": [
            {
              "function": "minecraft:set_damage",
              "damage": {
                "type": "minecraft:uniform",
                "min": 0.8,
                "max": 1.0
              },
              "add": false
            },
            {
              "function": "minecraft:enchant_randomly"
            }
          ]
        },
        {
          "name": "minecraft:diamond_boots",
          "type": "minecraft:item",
          "weight": 6,
          "functions": [
            {
              "function": "minecraft:set_damage",
              "damage": {
                "type": "minecraft:uniform",
                "min": 0.8,
                "max": 1.0
              },
              "add": false
            },
            {
              "function": "minecraft:enchant_randomly"
            }
          ]
        },
        {
          "name": "minecraft:diamond_sword",
          "type": "minecraft:item",
          "weight": 6
        },
        {
          "name": "minecraft:diamond_chestplate",
          "type": "minecraft:item",
          "weight": 5
        },
        {
          "name": "minecraft:diamond_helmet",
          "type": "minecraft:item",
          "weight": 5
        },
        {
          "name": "minecraft:diamond_boots",
          "type": "minecraft:item",
          "weight": 5
        },
        {
          "name": "minecraft:diamond_leggings",
          "type": "minecraft:item",
          "weight": 5
        },
        {
          "name": "minecraft:diamond",
          "type": "minecraft:item",
          "weight": 5,
          "functions": [
            {
              "function": "minecraft:set_count",
              "count": {
                "type": "minecraft:uniform",
                "min": 2.0,
                "max": 6.0
              },
              "add": false
            }
          ]
        },
        {
          "name": "minecraft:enchanted_golden_apple",
          "type": "minecraft:item",
          "weight": 3,
          "functions": [
            {
              "function": "minecraft:set_count",
              "count": 1.0,
              "add": false
            }
          ]
        }
      ]
    },
    {
      "rolls": {
        "type": "minecraft:uniform",
        "min": 6.0,
        "max": 10.0
      },
      "bonus_rolls": 1.0,
      "entries": [
        {
          "name": "minecraft:tipped_arrow",
          "type": "minecraft:item",
          "weight": 1,
          "functions": [
            {
              "function": "minecraft:set_count",
              "count": {
                "min": 20.0,
                "max": 30.0,
                "type": "minecraft:uniform"
              }
            },
            {
              "function": "minecraft:set_nbt",
              "tag": "{Potion:\"minecraft:harming\"}"
            }
          ]
        },
        {
          "name": "minecraft:tipped_arrow",
          "type": "minecraft:item",
          "weight": 1,
          "functions": [
            {
              "function": "minecraft:set_count",
              "count": {
                "min": 20.0,
                "max": 30.0,
                "type": "minecraft:uniform"
              }
            },
            {
              "function": "minecraft:set_nbt",
              "tag": "{Potion:\"minecraft:strong_harming\"}"
            }
          ]
        },
        {
          "name": "minecraft:redstone_block",
          "type": "minecraft:item",
          "functions": [
            {
              "function": "minecraft:set_count",
              "count": {
                "type": "minecraft:uniform",
                "min": 2.0,
                "max": 5.0
              },
              "add": false
            }
          ]
        },
        {
          "name": "minecraft:iron_block",
          "type": "minecraft:item",
          "functions": [
            {
              "function": "minecraft:set_count",
              "count": {
                "type": "minecraft:uniform",
                "min": 1.0,
                "max": 5.0
              },
              "add": false
            }
          ]
        },
        {
          "name": "minecraft:redstone",
          "type": "minecraft:item",
          "functions": [
            {
              "function": "minecraft:set_count",
              "count": {
                "type": "minecraft:uniform",
                "min": 17.0,
                "max": 33.0
              },
              "add": false
            }
          ]
        },
        {
          "name": "minecraft:iron_ingot",
          "type": "minecraft:item",
          "functions": [
            {
              "function": "minecraft:set_count",
              "count": {
                "type": "minecraft:uniform",
                "min": 2.0,
                "max": 5.0
              },
              "add": false
            }
          ]
        },
        {
          "name": "minecraft:obsidian",
          "type": "minecraft:item",
          "functions": [
            {
              "function": "minecraft:set_count",
              "count": {
                "type": "minecraft:uniform",
                "min": 3.0,
                "max": 5.0
              },
              "add": false
            }
          ]
        },
        {
          "name": "cavesandcliffs:amethyst_shard",
          "type": "minecraft:item",
          "functions": [
            {
              "function": "minecraft:set_count",
              "count": {
                "type": "minecraft:uniform",
                "min": 10.0,
                "max": 20.0
              },
              "add": false
            }
          ]
        },
        {
          "name": "cavesandcliffs:deepslate_redstone_ore",
          "type": "minecraft:item",
          "functions": [
            {
              "function": "minecraft:set_count",
              "count": {
                "type": "minecraft:uniform",
                "min": 5.0,
                "max": 11.0
              },
              "add": false
            }
          ]
        },
        {
          "name": "minecraft:bone_block",
          "type": "minecraft:item",
          "functions": [
            {
              "function": "minecraft:set_count",
              "count": {
                "type": "minecraft:uniform",
                "min": 4.0,
                "max": 8.0
              },
              "add": false
            }
          ]
        }
      ]
    },
    {
      "rolls": 0,
      "bonus_rolls": 1,
      "entries": [
        {
          "name": "minecraft:pink_banner",
          "type": "minecraft:item",
          "weight": 1,
          "functions": [
            {
              "function":"set_nbt",
              "tag":"{BlockEntityTag:{Patterns:[{Pattern:cs,Color:0},{Pattern:cs,Color:0},{Pattern:cs,Color:0},{Pattern:bo,Color:3},{Pattern:bo,Color:3},{Pattern:bo,Color:3}]}}"
            }
          ]
        },
        {
          "type": "minecraft:empty",
          "weight": 16
        },
        {
          "name": "minecraft:black_banner",
          "type": "minecraft:item",
          "weight": 4,
          "functions": [
            {
              "function":"set_nbt",
              "tag":"{BlockEntityTag:{Patterns:[{Pattern:cr,Color:0},{Pattern:cr,Color:15},{Pattern:cbo,Color:0},{Pattern:cbo,Color:15},{Pattern:bo,Color:0},{Pattern:bo,Color:0},{Pattern:mr,Color:8},{Pattern:mr,Color:8},{Pattern:mr,Color:15},{Pattern:bo,Color:15},{Pattern:mc,Color:7},{Pattern:mc,Color:15}]}}"
            }
          ]
        },
        {
          "name": "minecraft:skeleton_skull",
          "type": "minecraft:item",
          "weight": 4
        }
      ]
    }
  ]
}