{
  "name": "repurposed_structures:village/dark_forest/houses",
  "fallback": "repurposed_structures:village/dark_forest/terminators",
  "elements": [
    {
      "weight": 2,
      "element": {
        "location": "morevillagers:village/dark_forest/dark_forest_engineer",
        "processors": "repurposed_structures:village/dark_forest/mossify",
        "projection": "rigid",
        "element_type": "minecraft:legacy_single_pool_element"
      }
    },
    {
      "weight": 2,
      "element": {
        "location": "morevillagers:village/dark_forest/dark_forest_florist",
        "processors": "repurposed_structures:village/dark_forest/mossify",
        "projection": "rigid",
        "element_type": "minecraft:legacy_single_pool_element"
      }
    },
    {
      "weight": 2,
      "element": {
        "location": "morevillagers:village/dark_forest/dark_forest_hunter",
        "processors": "repurposed_structures:village/dark_forest/mossify",
        "projection": "rigid",
        "element_type": "minecraft:legacy_single_pool_element"
      }
    },
    {
      "weight": 2,
      "element": {
        "location": "morevillagers:village/dark_forest/dark_forest_oceanographer",
        "processors": "repurposed_structures:village/dark_forest/mossify",
        "projection": "rigid",
        "element_type": "minecraft:legacy_single_pool_element"
      }
    },
    {
      "weight": 2,
      "element": {
        "location": "morevillagers:village/dark_forest/dark_forest_woodworker",
        "processors": "repurposed_structures:village/dark_forest/mossify",
        "projection": "rigid",
        "element_type": "minecraft:legacy_single_pool_element"
      }
    }
  ]
}
