{
  "type": "minecraft:chest",
  "pools": [
    {
      "rolls": {
        "min": 4.0,
        "max": 10.0,
        "type": "minecraft:uniform"
      },
      "entries": [
        {
          "name": "minecraft:book",
          "type": "minecraft:item",
          "weight": 45,
          "functions": [
            {
              "function": "minecraft:enchant_with_levels",
              "levels": 30,
              "treasure": true
            }
          ]
        },
        {
          "name": "minecraft:lodestone",
          "type": "minecraft:item",
          "weight": 8
        },
        {
          "name": "minecraft:respawn_anchor",
          "type": "minecraft:item",
          "weight": 8
        },
        {
          "name": "cavesandcliffs:spyglass",
          "type": "minecraft:item",
          "weight": 8
        },
        {
          "name": "minecraft:ender_eye",
          "type": "minecraft:item",
          "weight": 5,
          "functions": [
            {
              "function": "minecraft:set_count",
              "count": {
                "min": 1.0,
                "max": 2.0,
                "type": "minecraft:uniform"
              }
            }
          ]
        }
      ]
    },
    {
      "rolls": {
        "min": 2.0,
        "max": 5.0,
        "type": "minecraft:uniform"
      },
      "entries": [
        {
          "name": "minecraft:chorus_fruit",
          "type": "minecraft:item",
          "weight": 2,
          "functions": [
            {
              "function": "minecraft:set_count",
              "count": {
                "min": 3.0,
                "max": 5.0,
                "type": "minecraft:uniform"
              }
            }
          ]
        },
        {
          "name": "cavesandcliffs:amethyst_shard",
          "type": "minecraft:item",
          "weight": 1,
          "functions": [
            {
              "function": "minecraft:set_count",
              "count": {
                "min": 4.0,
                "max": 6.0,
                "type": "minecraft:uniform"
              }
            }
          ]
        },
        {
          "name": "minecraft:diamond",
          "type": "minecraft:item",
          "weight": 1,
          "functions": [
            {
              "function": "minecraft:set_count",
              "count": {
                "min": 2.0,
                "max": 4.0,
                "type": "minecraft:uniform"
              }
            }
          ]
        }
      ]
    },
    {
      "rolls": 1,
      "entries": [
        {
          "type": "minecraft:empty",
          "weight": 45
        },
        {
          "name": "minecraft:map",
          "type": "minecraft:item",
          "weight": 1,
          "functions": [
            {
              "function": "minecraft:exploration_map",
              "destination": "repurposed_structures:pyramid_end",
              "decoration": "banner_gray",
              "zoom": 1,
              "skip_existing_chunks": false
            }
          ]
        },
        {
          "name": "minecraft:map",
          "type": "minecraft:item",
          "weight": 1,
          "functions": [
            {
              "function": "minecraft:exploration_map",
              "destination": "endcity",
              "decoration": "banner_magenta",
              "zoom": 1,
              "skip_existing_chunks": false
            }
          ]
        }
      ]
    },
    {
      "rolls": 0,
      "bonus_rolls": 1,
      "entries": [
        {
          "name": "minecraft:pink_banner",
          "type": "minecraft:item",
          "weight": 10,
          "functions": [
            {
              "function":"set_nbt",
              "tag":"{BlockEntityTag:{Patterns:[{Pattern:cs,Color:0},{Pattern:cs,Color:0},{Pattern:cs,Color:0},{Pattern:bo,Color:3},{Pattern:bo,Color:3},{Pattern:bo,Color:3}]}}"
            }
          ]
        },
        {
          "type": "minecraft:empty",
          "weight": 252
        },
        {
          "name": "minecraft:purple_banner",
          "type": "minecraft:item",
          "weight": 44,
          "functions": [
            {
              "function":"set_nbt",
              "tag":"{BlockEntityTag:{Patterns:[{Pattern:gra,Color:15},{Pattern:gru,Color:15},{Pattern:sc,Color:2},{Pattern:sc,Color:10},{Pattern:sc,Color:15},{Pattern:flo,Color:2},{Pattern:flo,Color:2},{Pattern:mr,Color:15},{Pattern:mc,Color:10},{Pattern:flo,Color:15},{Pattern:cbo,Color:15},{Pattern:bo,Color:15}]}}"
            }
          ]
        },
        {
          "name": "minecraft:ender_eye",
          "type": "minecraft:item",
          "weight": 60
        },
        {
          "name": "minecraft:book",
          "type": "minecraft:item",
          "weight": 44,
          "functions": [
            {
              "function": "minecraft:enchant_with_levels",
              "levels": 30,
              "treasure": true
            }
          ]
        }
      ]
    }
  ]
}